0.961152948,1,2
0.0354144,1,2
0.109807483,2,3
0.184326396,3,4
0.258971083,4,5
0.333741489,5,6
0.408637558,6,7
0.483659234,7,8
0.558806461,8,9
0.634079185,9,10
0.709477348,10,11
0.785000896,11,12
0.860649774,12,13
0.936423925,13,14
0.012325113,13,14
0.088420124,14,15
0.164695323,15,16
0.241150594,16,17
0.317785823,17,18
0.394600895,18,19
0.471595695,19,20
0.54877011,20,21
0.626124024,21,22
0.703657324,22,23
0.781369895,23,24
0.859261623,24,25
0.937332394,25,26
0.015585399,25,26
0.094030544,26,27
0.172654421,27,28
0.251456918,28,29
0.33043792,29,30
0.409597313,30,31
0.488934986,31,32
0.568450824,32,33
0.648144713,33,34
0.728016542,34,35
0.808066197,35,36
0.888293566,36,37
0.968698535,37,38
0.049291416,37,38
0.130068326,38,39
0.211022529,39,40
0.292153913,40,41
0.373462365,41,42
0.454947772,42,43
0.536610024,43,44
0.618449007,44,45
0.70046461,45,46
0.78265672,46,47
0.865025227,47,48
0.947570018,48,49
0.030297375,48,49
0.11308197,49,50
0.19592041,50,51
0.278812684,51,52
0.361758782,52,53
0.444758693,53,54
0.527812407,54,55
0.610919913,55,56
0.694081201,56,57
0.777296261,57,58
0.860565082,58,59
0.943887653,59,60
0.027265724,59,60
0.110701146,60,61
0.19419029,61,62
0.277733146,62,63
0.361329704,63,64
0.444979953,64,65
0.528683883,65,66
0.612441483,66,67
0.696252744,67,68
0.780117654,68,69
0.864036203,69,70
0.948008381,70,71
0.032036243,70,71
0.116121066,71,72
0.200259489,72,73
0.284451503,73,74
0.368697097,74,75
0.45299626,75,76
0.537348982,76,77
0.621755253,77,78
0.706252393,78,79
0.790908616,79,80
0.875723831,80,81
0.960697945,81,82
0.04583964,81,82
0.131147598,82,83
0.216614207,83,84
0.302239377,84,85
0.388023015,85,86
0.473965032,86,87
0.560065336,87,88
0.646323836,88,89
0.732740442,89,90
0.819315064,90,91
0.90604761,91,92
0.99293799,92,93
0.080001389,92,93
0.167223813,93,94
0.254603825,94,95
0.342141333,95,96
0.429836248,96,97
0.517688479,97,98
0.605697937,98,99
0.693864531,99,100
0.782188172,100,101
0.870668769,101,102
0.959306234,102,103
0.048109644,102,103
0.137077523,103,104
0.226202023,104,105
0.315483055,105,106
0.40492053,106,107
0.494514359,107,108
0.584264451,108,109
0.674170719,109,110
0.764233072,110,111
0.854451421,111,112
0.944825678,112,113
0.035362479,112,113
0.126009618,113,114
0.216760088,114,115
0.30761385,115,116
0.398570866,116,117
0.489631095,117,118
0.580794501,118,119
0.672061042,119,120
0.76343068,120,121
0.854903377,121,122
0.946479092,122,123
0.038162599,122,123
0.129955806,123,124
0.221851926,124,125
0.313850919,125,126
0.405952747,126,127
0.49815737,127,128
0.59046475,128,129
0.682874848,129,130
0.775387626,130,131
0.868003043,131,132
0.960721063,132,133
0.053548387,132,133
0.146483193,133,134
0.239520493,134,135
0.332660251,135,136
0.425902426,136,137
0.519246981,137,138
0.612693876,138,139
0.706243074,139,140
0.799894534,140,141
0.89364822,141,142
0.987504178,142,143
0.081478687,142,143
0.175562565,143,144
0.269754111,144,145
0.364053284,145,146
0.458460039,146,147
0.552974335,147,148
0.647596127,148,149
0.742325375,149,150
0.837162034,150,151
0.932106063,151,152
0.027161016,151,152
0.122332262,152,153
0.21761076,153,154
0.312996467,154,155
0.408489341,155,156
0.50408934,156,157
0.59979642,157,158
0.695610539,158,159
0.791531656,159,160
0.887559726,160,161
0.983694709,161,162
0.079947138,161,162
0.176308564,162,163
0.272776784,163,164
0.369351758,164,165
0.466033442,165,166
0.562821794,166,167
0.659716773,167,168
0.756718335,168,169
0.853826438,169,170
0.951041041,170,171
0.048368492,170,171
0.145808841,171,172
0.243355573,172,173
0.341008646,173,174
0.438768018,174,175
0.536633646,175,176
0.63460549,176,177
0.732650037,177,178
0.830700099,178,179
0.928755677,179,180
0.026816953,179,180
0.124884233,180,181
0.222957028,181,182
0.321035337,182,183
0.41911916,183,184
0.517208498,184,185
0.61530335,185,186
0.713403717,186,187
0.811509597,187,188
0.909620991,188,189
0.007737952,188,189
0.105861047,189,190
0.203989655,190,191
0.302123777,191,192
0.400263412,192,193
0.498408561,193,194
0.596559222,194,195
0.694715397,195,196
0.792877084,196,197
0.891044285,197,198
0.989216998,198,199
0.087395823,198,199
0.185580234,199,200
0.283770158,200,201
0.381965594,201,202
0.480166542,202,203
0.578373002,203,204
0.676584974,204,205
0.774802458,205,206
0.873076382,206,207
0.971677941,207,208
0.070635524,207,208
0.169931596,208,209
0.269554201,209,210
0.369502942,210,211
0.469777419,211,212
0.570377235,212,213
0.671301994,213,214
0.772551298,214,215
0.874124752,215,216
0.97602196,216,217
0.078274319,216,217
0.180859487,217,218
0.283767326,218,219
0.386997442,219,220
0.490549445,220,221
0.594422941,221,222
0.69861754,222,223
0.803132852,223,224
0.907968487,224,225
0.013129371,224,225
0.118647181,225,226
0.224484244,226,227
0.330640172,227,228
0.437114579,228,229
0.543907078,229,230
0.651017283,230,231
0.758444811,231,232
0.866189276,232,233
0.974250295,233,234
0.082660825,233,234
0.191397631,234,235
0.300449935,235,236
0.409817355,236,237
0.519499513,237,238
0.629496026,238,239
0.739806515,239,240
0.850430602,240,241
0.961367646,241,242
0.072640993,241,242
0.184236933,242,243
0.296139818,243,244
0.408349284,244,245
0.52086497,245,246
0.633686511,246,247
0.746813547,247,248
0.860245715,248,249
0.973982655,249,250
0.088058706,249,250
0.202449153,250,251
0.317143377,251,252
0.432141018,252,253
0.54744172,253,254
0.663045123,254,255
0.778950871,255,256
0.895158608,256,257
0.011672563,256,257
0.128529109,257,258
0.24568666,258,259
0.363144859,259,260
0.480903354,260,261
0.598961792,261,262
0.717319818,262,263
0.835977081,263,264
0.954933229,264,265
0.074216984,264,265
0.19381667,265,266
0.313714269,266,267
0.43390943,267,268
0.554401806,268,269
0.675191046,269,270
0.796332951,270,271
0.917979509,271,272
0.040156439,271,272
0.162890901,272,273
0.286127225,273,274
0.409864413,274,275
0.534101465,275,276
0.658837387,276,277
0.784071185,277,278
0.909801869,278,279
0.036052336,278,279
0.162857769,279,280
0.290157349,280,281
0.417950096,281,282
0.54623503,282,283
0.675011178,283,284
0.804277565,284,285
0.934033222,285,286
0.064319594,285,286
0.195137067,286,287
0.326441121,287,288
0.458230794,288,289
0.590505126,289,290
0.723263163,290,291
0.856503949,291,292
0.990226533,292,293
0.124511697,292,293
0.259283388,293,294
0.394534236,294,295
0.530263301,295,296
0.666469641,296,297
0.803152319,297,298
0.940310402,298,299
0.077993949,298,299
0.216190308,299,300
0.35485947,300,301
0.494000511,301,302
0.633612505,302,303
0.773694533,303,304
0.914245675,304,305
0.055301029,304,305
0.196572907,305,306
0.338038033,306,307
0.479696252,307,308
0.621547408,308,309
0.763591345,309,310
0.905827907,310,311
0.048269924,310,311
0.190929632,311,312
0.333781531,312,313
0.476825465,313,314
0.62006128,314,315
0.763488822,315,316
0.907107935,316,317
0.050932144,316,317
0.194972607,317,318
0.33920421,318,319
0.483626798,319,320
0.628240219,320,321
0.773044318,321,322
0.918038942,322,323
0.063240895,322,323
0.208655084,323,324
0.354259368,324,325
0.500053596,325,326
0.646037615,326,327
0.792211271,327,328
0.938574412,328,329
0.085149681,328,329
0.231930614,329,330
0.378900605,330,331
0.526059503,331,332
0.673407158,332,333
0.820943416,333,334
0.968678176,334,335
0.116895612,334,335
0.265544872,335,336
0.414606802,336,337
0.564080674,337,338
0.713965765,338,339
0.864261352,339,340
0.014975485,339,340
0.166178429,340,341
0.317789844,341,342
0.469809012,342,343
0.622235219,343,344
0.775067751,344,345
0.928305895,345,346
0.081996814,345,346
0.236133963,346,347
0.390674729,347,348
0.545618406,348,349
0.70096429,349,350
0.856711676,350,351
0.012867355,350,351
0.169506774,351,352
0.326545724,352,353
0.483983508,353,354
0.641819431,354,355
0.800052798,355,356
0.958682919,356,357
0.117777426,356,357
0.277291425,357,358
0.437200232,358,359
0.597503161,359,360
0.758199526,360,361
0.919288646,361,362
0.080816584,361,362
0.242782773,362,363
0.405139794,363,364
0.567886969,364,365
0.731023622,365,366
0.894549079,366,367
0.058496406,366,367
0.222892198,367,368
0.387674894,368,369
0.552726701,369,370
0.717989002,370,371
0.883461599,371,372
0.04915973,371,372
0.215104412,372,373
0.381258829,373,374
0.547622784,374,375
0.714196078,375,376
0.880978517,376,377
0.047984946,376,377
0.215237498,377,378
0.382698637,378,379
0.550368165,379,380
0.718245889,380,381
0.886331611,381,382
0.054642242,381,382
0.223196118,382,383
0.39195744,383,384
0.560926013,384,385
0.730101642,385,386
0.899484133,386,387
0.069094888,386,387
0.238943585,387,388
0.408998594,388,389
0.579259722,389,390
0.749726776,390,391
0.920399563,391,392
0.091306384,391,392
0.262443439,392,393
0.433785681,393,394
0.605332918,394,395
0.777084957,395,396
0.949041608,396,397
0.121240455,396,397
0.293659449,397,398
0.466476388,398,399
0.639734481,399,400
0.813432836,400,401
0.987570563,401,402
0.162255943,401,402
0.337387434,402,403
0.51295578,403,404
0.688960099,404,405
0.865399514,405,406
0.042301534,405,406
0.21972747,406,407
0.397586011,407,408
0.575876289,408,409
0.754597435,409,410
0.933748584,410,411
0.113404715,410,411
0.293533618,411,412
0.474090068,412,413
0.655073208,413,414
0.836482185,414,415
0.01832837,414,415
0.200708019,415,416
0.383511075,416,417
0.566736691,417,418
0.750384025,418,419
0.934452234,419,420
0.119019598,419,420
0.304049908,420,421
0.489498697,421,422
0.675365131,422,423
0.86164838,423,424
0.048379689,423,424
0.235618115,424,425
0.423270985,425,426
0.611337476,426,427
0.799816766,427,428
0.988708037,428,429
0.178128179,428,429
0.367966248,429,430
0.558213959,430,431
0.748870501,431,432
0.939935065,432,433
0.131493506,432,433
0.323292256,433,434
0.515309743,434,435
0.707545736,435,436
0.9,436,437
0.092705167,436,437
0.285663645,437,438
0.478839729,438,439
0.672233187,439,440
0.865843788,440,441
0.059692432,440,441
0.25380531,441,442
0.448134668,442,443
0.642680277,443,444
0.837441907,444,445
0.032430794,444,445
0.227692774,445,446
0.423170116,446,447
0.618862593,447,448
0.814769976,448,449
0.010895884,448,449
0.207301699,449,450
0.403921766,450,451
0.600755858,451,452
0.797803748,452,453
0.99506521,453,454
0.192607886,453,454
0.390365449,454,455
0.588335933,455,456
0.786519115,456,457
0.984914768,457,458
0.183587268,457,458
0.382477129,458,459
0.581578815,459,460
0.780892104,460,461
0.980416771,461,462
0.180215918,461,462
0.38048357,462,463
0.581203879,463,464
0.782375821,464,465
0.983998374,465,466
0.186210809,465,466
0.388884004,466,467
0.592004871,467,468
0.7955724,468,469
0.999585584,469,470
0.204196796,469,470
0.409252072,470,471
0.6147501,471,472
0.820689884,472,473
0.027090734,472,473
0.234066038,473,474
0.441480225,474,475
0.649332307,475,476
0.857621304,476,477
0.066395847,476,477
0.275711985,477,478
0.485462199,478,479
0.695645516,479,480
0.906260969,480,481
0.117395048,480,481
0.329029357,481,482
0.541092997,482,483
0.753585011,483,484
0.966504443,484,485
0.179984027,484,485
0.393914123,485,486
0.608268869,486,487
0.823047319,487,488
0.038276898,487,488
0.254059712,488,489
0.470263488,489,490
0.686887291,490,491
0.903930189,491,492
0.121481019,491,492
0.339520251,492,493
0.55797587,493,494
0.776846953,494,495
0.996132581,495,496
0.215990969,495,496
0.436264991,496,497
0.656833458,497,498
0.877622119,498,499
0.098669574,498,499
0.319984957,499,500
0.541519772,500,501
0.76327376,501,502
0.985246663,502,503
0.207519824,502,503
0.430017207,503,504
0.652732748,504,505
0.87566619,505,506
0.098856103,505,506
0.322312292,506,507
0.54598563,507,508
0.76987586,508,509
0.993982727,509,510
0.218391618,509,510
0.443019015,510,511
0.667862301,511,512
0.892921222,512,513
0.11824184,512,513
0.343819576,513,514
0.569612204,514,515
0.795619471,515,516
0.021849674,515,516
0.24837405,516,517
0.475112324,517,518
0.702064246,518,519
0.929229567,519,520
0.156669233,519,520
0.384349476,520,521
0.612242382,521,522
0.840347701,522,523
0.068691985,522,523
0.297310538,523,524
0.526140772,524,525
0.755182441,525,526
0.984446188,526,527
0.214532507,526,527
0.445223109,527,528
0.676499118,528,529
0.908358627,529,530
0.140952603,529,530
0.374225975,530,531
0.608077255,531,532
0.842504567,532,533
0.077589918,532,533
0.313418263,533,534
0.549817126,534,535
0.786784662,535,536
0.024345264,535,536
0.262701162,536,537
0.501620295,537,538
0.741100847,538,539
0.981141009,539,540
0.221977134,539,540
0.463389592,540,541
0.70535632,541,542
0.947875537,542,543
0.191149892,542,543
0.435029093,543,544
0.679455517,544,545
0.924427411,545,546
0.170124386,545,546
0.416444103,546,547
0.663304097,547,548
0.910702643,548,549
0.158806776,548,549
0.407541133,549,550
0.656808921,550,551
0.906608442,551,552
0.157104417,551,552
0.408227884,552,553
0.659878032,553,554
0.912053191,554,555
0.16492584,554,555
0.418413225,555,556
0.672420637,556,557
0.926946433,557,558
0.182180731,557,558
0.438007175,558,559
0.694347089,559,560
0.951198853,560,561
0.208779915,560,561
0.466720841,561,562
0.724988016,562,563
0.983580782,563,564
0.24266179,563,564
0.502078124,564,565
0.761818064,565,566
0.021895674,565,566
0.282455864,566,567
0.543337689,567,568
0.804540502,568,569
0.066107997,568,569
0.328126447,569,570
0.590463931,570,571
0.853119806,571,572
0.116171199,571,572
0.379638136,572,573
0.643421528,573,574
0.90752074,574,575
0.172050079,574,575
0.436955811,575,576
0.702175443,576,577
0.967708348,577,578
0.233709716,577,578
0.500044634,578,579
0.76669092,579,580
0.033670372,579,580
0.301115469,580,581
0.568870044,581,582
0.836933478,582,583
0.105375177,582,583
0.374232975,583,584
0.643397757,584,585
0.912868912,585,586
0.182767037,585,586
0.453028142,586,587
0.723593761,587,588
0.994463288,588,589
0.265812051,588,589
0.537467149,589,590
0.809717103,590,591
0.083147738,590,591
0.357988712,591,592
0.633814596,592,593
0.910618942,593,594
0.188806505,593,594
0.46815475,594,595
0.748461898,595,596
0.029786292,595,596
0.312604318,596,597
0.596362083,597,598
0.881053501,598,599
0.167032352,598,599
0.454189507,599,600
0.742261686,600,601
0.03131016,600,601
0.321816411,601,602
0.613219434,602,603
0.905513482,603,604
0.19911722,603,604
0.493802074,604,605
0.789360205,605,606
0.085968493,605,606
0.383887053,606,607
0.682661495,607,608
0.982286395,608,609
0.283353889,608,609
0.58529773,609,610
0.888075109,610,611
0.19208413,610,611
0.497151294,611,612
0.803035415,612,613
0.109961306,612,613
0.418106543,613,614
0.727052481,614,615
0.036870895,614,615
0.348049757,615,616
0.660013383,616,617
0.972756891,617,618
0.286869103,617,618
0.601807069,618,619
0.91750941,619,620
0.234454596,619,620
0.552324315,620,621
0.870943207,621,622
0.190698059,621,622
0.511457693,622,623
0.832951591,623,624
0.155493091,623,624
0.47910153,624,625
0.803308993,625,626
0.128200388,625,626
0.453871398,626,627
0.78003871,627,628
0.106852093,627,628
0.434470487,628,629
0.762578247,629,630
0.091302705,629,630
0.420849224,630,631
0.750878265,631,632
0.081502978,631,632
0.412958594,632,633
0.744889981,633,634
0.077404222,633,634
0.410750137,634,635
0.744565162,635,636
0.078958293,635,636
0.414175935,636,637
0.749856117,637,638
0.08611759,637,638
0.42318861,638,639
0.760715688,639,640
0.098835043,639,640
0.437741313,640,641
0.777097244,641,642
0.11706411,641,642
0.457787715,642,643
0.798954672,643,644
0.140758764,643,644
0.483282006,644,645
0.826242374,645,646
0.169873491,645,646
0.514178881,646,647
0.858915254,647,648
0.204363282,647,648
0.550433538,648,649
0.896928714,649,650
0.244183622,649,650
0.592001666,650,651
0.940238649,651,652
0.289290489,651,652
0.638839445,652,653
0.988801438,653,654
0.339640342,653,654
0.691560171,654,655
0.044666108,654,655
0.399867857,655,656
0.756073934,656,657
0.113666764,656,657
0.473086943,657,658
0.833475474,658,659
0.195493383,658,659
0.559030053,659,660
0.92350029,660,661
0.289882732,660,661
0.657436937,661,662
0.025979328,661,662
0.396578732,662,663
0.768054393,663,664
0.140872803,663,664
0.515332217,664,665
0.890636032,665,666
0.267672939,665,666
0.645900703,666,667
0.025025649,666,667
0.406141084,667,668
0.788048163,668,669
0.171307476,668,669
0.556044922,669,670
0.941544817,670,671
0.328883799,670,671
0.717158264,671,672
0.106516908,671,672
0.497531957,672,673
0.889260847,673,674
0.282619128,673,674
0.677035102,674,675
0.072373618,674,675
0.469444005,675,676
0.867182011,676,677
0.266442465,676,677
0.666783567,677,678
0.067985972,677,678
0.47089875,678,679
0.874435185,679,680
0.27948407,679,680
0.685542939,680,681
0.092496592,680,681
0.501047667,681,682
0.910180573,682,683
0.320907405,682,683
0.73248525,683,684
0.145080724,683,684
0.559074415,684,685
0.973610137,685,686
0.389907564,685,686
0.806813743,686,687
0.224944705,686,687
0.644193331,687,688
0.064146344,687,688
0.485709793,688,689
0.907648848,689,690
0.330508475,689,690
0.753834661,690,691
0.177786078,690,691
0.602489477,691,692
0.027528563,691,692
0.453599337,692,693
0.879948241,693,694
0.307150388,693,694
0.734851293,694,695
0.163128879,694,695
0.592172169,695,696
0.021521163,695,696
0.451897301,696,697
0.882533416,697,698
0.314013224,697,698
0.745967311,698,699
0.17850657,698,699
0.611769306,699,700
0.045364074,699,700
0.479926209,700,701
0.914730878,701,702
0.350424929,701,702
0.786514603,702,703
0.223252471,702,703
0.660618106,703,704
0.098395936,703,704
0.537028559,704,705
0.975886957,705,706
0.415733233,705,706
0.855844687,706,707
0.29671949,706,707
0.738075226,707,708
0.179974785,707,708
0.622566098,708,709
0.065486664,708,709
0.509304922,709,710
0.953327993,710,711
0.398279405,710,711
0.843516051,711,712
0.289477344,711,712
0.735919118,712,713
0.182886624,712,713
0.630525149,713,714
0.07849522,713,714
0.527322184,714,715
0.976334016,715,716
0.42629835,715,716
0.876485788,716,717
0.32744186,716,717
0.778796772,717,718
0.230741012,717,718
0.684023511,718,719
0.138279149,718,719
0.594246032,719,720
0.050793651,719,720
0.509401653,720,721
0.96835443,721,722
0.42942874,721,722
0.890957186,722,723
0.35426668,722,723
0.818329647,723,724
0.283855861,723,724
0.750412955,724,725
0.218137652,724,725
0.687149216,725,726
0.157054384,725,726
0.62848148,726,727
0.100549327,726,727
0.574353724,727,728
0.048566675,727,728
0.524710831,728,729
0.001051525,728,729
0.479498572,729,730
0.958118659,730,731
0.43866359,730,731
0.919531545,731,732
0.402153381,731,732
0.885234079,732,733
0.369916277,732,733
0.855175214,733,734
0.34190143,733,734
0.829304713,734,735
0.318058796,734,735
0.807573128,735,736
0.298339118,735,736
0.789931788,736,737
0.28269391,736,737
0.77633278,737,738
0.271075447,737,738
0.766728938,738,739
0.263436744,738,739
0.761073826,739,740
0.259731544,739,740
0.759321725,740,741
0.259914304,740,741
0.76142762,741,742
0.263940183,741,742
0.767347185,742,743
0.271765025,742,743
0.77703677,743,744
0.28334535,743,744
0.790453389,744,745
0.298638336,744,745
0.807554708,745,746
0.317601813,745,746
0.828299029,746,747
0.340194244,746,747
0.852645283,747,748
0.366374719,747,748
0.880553017,748,749
0.396102939,748,749
0.911982379,749,750
0.429339207,749,750
0.94689411,750,751
0.466044416,750,751
0.985249534,751,752
0.506180037,751,752
0.027110541,751,752
0.549708112,752,753
0.072405681,752,753
0.595960255,753,754
0.119668082,753,754
0.644129146,754,755
0.168842965,754,755
0.694202667,755,756
0.219918236,755,756
0.7461688,756,757
0.272881905,756,757
0.800015627,757,758
0.327722081,757,758
0.855731332,758,759
0.384426974,758,759
0.913304196,759,760
0.442984892,759,760
0.972722599,760,761
0.50338424,760,761
0.03404588,760,761
0.565613519,761,762
0.097252021,761,762
0.629661329,762,763
0.162272633,762,763
0.69551636,763,764
0.229096434,763,764
0.763167398,764,765
0.297712234,764,765
0.832603321,765,766
0.368108937,765,766
0.9038131,766,767
0.440275537,766,767
0.976785794,767,768
0.514201119,767,768
0.051616444,767,768
0.589874858,768,769
0.128239161,768,769
0.667286016,769,770
0.206595411,769,770
0.746423944,770,771
0.28667457,770,771
0.827278081,771,772
0.368466099,771,772
0.90983795,772,773
0.451959545,772,773
0.994093159,773,774
0.53714454,773,774
0.080195922,773,774
0.624010801,774,775
0.1679882,774,775
0.712548127,775,776
0.257447797,775,776
0.802746399,776,777
0.348564618,776,777
0.89459558,777,778
0.441328648,777,778
0.988085715,778,779
0.535729953,778,779
0.083374192,778,779
0.63175868,779,780
0.180310432,779,780
0.729405052,780,781
0.278860685,780,781
0.828659373,781,782
0.379015275,781,782
0.926260216,782,783
0.456810821,782,783
0.987408859,783,784
0.51972131,783,784
0.052033762,783,784
0.586000198,784,785
0.120173689,784,785
0.655807111,785,786
0.191948108,785,786
0.729309496,786,787
0.267532385,786,787
0.806682758,787,788
0.34711055,787,788
0.888110307,788,789
0.430875423,788,789
0.973783511,789,790
0.519028642,789,790
0.064273773,789,790
0.611780561,790,791
0.15965962,790,791
0.709349973,791,792
0.260029142,791,792
0.811963616,792,793
0.365622498,792,793
0.919855386,793,794
0.476688286,793,794
0.033521186,793,794
0.593482512,794,795
0.153699836,794,795
0.716267113,795,796
0.280096918,795,796
0.845307895,796,797
0.412997593,796,797
0.980871725,797,798
0.552689953,797,798
0.124508181,797,798
0.699461464,798,799
0.275700139,798,799
0.853164557,799,800
0.432911392,799,800
0.012658228,799,800
0.592405063,800,801
0.172151899,800,801
0.751898734,801,802
0.33164557,801,802
0.911392405,802,803
0.491139241,802,803
0.070886076,802,803
0.650632911,803,804
0.230379747,803,804
0.810126582,804,805
0.389873418,804,805
0.969620253,805,806
0.549367089,805,806
0.129113924,805,806
0.708860759,806,807
0.288607595,806,807
0.86835443,807,808
0.448101266,807,808
0.027848101,807,808
0.607594937,808,809
0.187341772,808,809
0.767088608,809,810
0.346835443,809,810
0.926582278,810,811
0.506329114,810,811
0.086075949,810,811
0.665822785,811,812
0.24556962,811,812
0.825316456,812,813
0.405063291,812,813
0.984810127,813,814
0.564556962,813,814
0.144303797,813,814
0.724050633,814,815
0.303797468,814,815
0.883544304,815,816
0.463291139,815,816
0.043037975,815,816
0.62278481,816,817
0.202531646,816,817
0.782278481,817,818
0.362025316,817,818
0.941772152,818,819
0.521518987,818,819
0.101265823,818,819
0.681012658,819,820
0.260759494,819,820
0.840506329,820,821
0.420253165,820,821
2.68E-12,820,821
0.579746835,821,822
0.159493671,821,822
0.739240506,822,823
0.318987342,822,823
0.898734177,823,824
0.478481013,823,824
0.058227848,823,824
0.637974684,824,825
0.217721519,824,825
0.797468354,825,826
0.37721519,825,826
0.956962025,826,827
0.536708861,826,827
0.116455696,826,827
0.696202532,827,828
0.275949367,827,828
0.855696203,828,829
0.435443038,828,829
0.015189873,828,829
0.594936709,829,830
0.174683544,829,830
0.75443038,830,831
0.334177215,830,831
0.5,832,832
0.5,833,833
0.5,834,834
0.5,835,835
0.5,836,836
0.5,837,837
0.5,838,838
0.5,839,839
0.5,840,840
0.5,841,841
0.5,842,842
0.5,843,843
0.5,844,844
0.5,845,845
0.5,846,846
0.5,847,847
0.5,848,848
0.5,849,849
0.5,850,850
0.5,851,851
0.5,852,852
0.5,853,853
0.5,854,854
0.5,855,855
0.5,856,856
0.5,857,857
0.5,858,858
0.5,859,859
0.5,860,860
0.5,861,861
0.5,862,862
0.5,863,863
0.5,864,864
0.5,865,865
0.5,866,866
0.5,867,867
0.5,868,868
0.5,869,869
0.5,870,870
0.5,871,871
0.5,872,872
0.5,873,873
0.5,874,874
0.5,875,875
0.5,876,876
0.5,877,877
0.5,878,878
0.5,879,879
0.5,880,880
0.5,881,881
0.5,882,882
0.5,883,883
0.5,884,884
0.5,885,885
0.5,886,886
0.5,887,887
0.5,888,888
0.5,889,889
0.5,890,890
0.5,891,891
0.5,892,892
0.5,893,893
0.5,894,894
0.5,895,895
0.5,896,896
0.5,897,897
0.5,898,898
0.5,899,899
0.5,900,900
0.5,901,901
0.5,902,902
0.5,903,903
0.5,904,904
0.5,905,905
0.5,906,906
0.5,907,907
0.5,908,908
0.5,909,909
0.5,910,910
0.5,911,911
0.5,912,912
0.5,913,913
0.5,914,914
0.5,915,915
0.5,916,916
0.5,917,917
0.5,918,918
0.5,919,919
0.5,920,920
0.5,921,921
0.5,922,922
0.5,923,923
0.5,924,924
0.5,925,925
0.5,926,926
0.5,927,927
0.5,928,928
0.5,929,929
0.5,930,930
0.5,931,931
0.5,932,932
0.5,933,933
0.5,934,934
0.5,935,935
0.5,936,936
0.5,937,937
0.5,938,938
0.5,939,939
0.5,940,940
0.5,941,941
0.5,942,942
0.5,943,943
0.5,944,944
0.5,945,945
0.5,946,946
0.5,947,947
0.5,948,948
0.5,949,949
0.5,950,950
0.5,951,951
0.5,952,952
0.5,953,953
0.5,954,954
0.5,955,955
0.5,956,956
0.5,957,957
0.5,958,958
0.5,959,959
0.5,960,960
0.5,961,961
0.5,962,962
0.5,963,963
0.5,964,964
0.5,965,965
0.5,966,966
0.5,967,967
0.5,968,968
0.5,969,969
0.5,970,970
0.5,971,971
0.5,972,972
0.5,973,973
0.5,974,974
0.5,975,975
0.5,976,976
0.5,977,977
0.5,978,978
0.5,979,979
0.5,980,980
0.5,981,981
0.5,982,982
0.5,983,983
0.5,984,984
0.5,985,985
0.5,986,986
0.5,987,987
0.5,988,988
0.5,989,989
0.5,990,990
0.5,991,991
0.5,992,992
0.5,993,993
0.5,994,994
0.5,995,995
0.5,996,996
0.5,997,997
0.5,998,998
0.5,999,999
0.5,1000,1000
0.5,1001,1001
0.5,1002,1002
0.5,1003,1003
0.5,1004,1004
0.5,1005,1005
0.5,1006,1006
0.5,1007,1007
0.5,1008,1008
0.5,1009,1009
0.5,1010,1010
0.5,1011,1011
0.5,1012,1012
0.5,1013,1013
0.5,1014,1014
0.5,1015,1015
0.5,1016,1016
0.5,1017,1017
0.5,1018,1018
0.5,1019,1019
0.5,1020,1020
0.5,1021,1021
0.5,1022,1022
0.5,1023,1023
0.5,1024,1024
0.5,1025,1025
0.5,1026,1026
0.5,1027,1027
0.5,1028,1028
0.5,1029,1029
0.5,1030,1030
0.5,1031,1031
0.5,1032,1032
0.5,1033,1033
0.5,1034,1034
0.5,1035,1035
0.5,1036,1036
0.5,1037,1037
0.5,1038,1038
0.5,1039,1039
0.5,1040,1040
0.5,1041,1041
0.5,1042,1042
0.5,1043,1043
0.5,1044,1044
0.5,1045,1045
0.5,1046,1046
0.5,1047,1047
0.5,1048,1048
0.5,1049,1049
0.5,1050,1050
0.5,1051,1051
0.5,1052,1052
0.5,1053,1053
0.5,1054,1054
0.5,1055,1055
0.5,1056,1056
0.5,1057,1057
0.5,1058,1058
0.5,1059,1059
0.5,1060,1060
0.5,1061,1061
0.5,1062,1062
0.5,1063,1063
0.5,1064,1064
0.5,1065,1065
0.5,1066,1066
0.5,1067,1067
0.5,1068,1068
0.5,1069,1069
0.5,1070,1070
0.5,1071,1071
0.5,1072,1072
0.5,1073,1073
0.5,1074,1074
0.5,1075,1075
0.5,1076,1076
0.5,1077,1077
0.5,1078,1078
0.5,1079,1079
0.5,1080,1080
0.5,1081,1081
0.5,1082,1082
0.5,1083,1083
0.5,1084,1084
0.5,1085,1085
0.5,1086,1086
0.5,1087,1087
0.5,1088,1088
0.5,1089,1089
0.5,1090,1090
0.5,1091,1091
0.5,1092,1092
0.5,1093,1093
0.5,1094,1094
0.5,1095,1095
0.5,1096,1096
0.5,1097,1097
0.5,1098,1098
0.5,1099,1099
0.5,1100,1100
0.5,1101,1101
0.5,1102,1102
0.5,1103,1103
0.5,1104,1104
0.5,1105,1105
0.5,1106,1106
0.5,1107,1107
0.5,1108,1108
0.5,1109,1109
0.5,1110,1110
0.5,1111,1111
0.5,1112,1112
0.5,1113,1113
0.5,1114,1114
0.5,1115,1115
0.5,1116,1116
0.5,1117,1117
0.5,1118,1118
0.5,1119,1119
0.5,1120,1120
0.5,1121,1121
0.5,1122,1122
0.5,1123,1123
0.5,1124,1124
0.5,1125,1125
0.5,1126,1126
0.5,1127,1127
0.5,1128,1128
0.5,1129,1129
0.5,1130,1130
0.5,1131,1131
0.5,1132,1132
0.5,1133,1133
0.5,1134,1134
0.5,1135,1135
0.5,1136,1136
0.5,1137,1137
0.5,1138,1138
0.5,1139,1139
0.5,1140,1140
0.5,1141,1141
0.5,1142,1142
0.5,1143,1143
0.5,1144,1144
0.5,1145,1145
0.5,1146,1146
0.5,1147,1147
0.5,1148,1148
0.5,1149,1149
0.5,1150,1150
0.5,1151,1151